cik,latest_scored_q,scored_quarters,br_streak,two_consecutive,last_beat,last_raise,last_beat_pct,last_raise_basis,last_guide_kind,ticker
930420,2026Q2,5,4,True,1,1,0.003825,next-quarter guide implies faster y/y than reported,dollar guide,KFRC
1841925,2026Q2,4,3,True,1,1,0.0324,next-quarter guide implies faster y/y than reported,dollar guide,INDI
1490978,2026Q2,3,2,True,1,1,0.07071,next-quarter guide implies faster y/y than reported,dollar guide,SDGR
917491,2025Q1,5,2,True,1,1,0.023,next-quarter guide implies faster y/y than reported,dollar guide,
1505155,2026Q2,4,2,True,1,1,0.01113,next-quarter guide implies faster y/y than reported,dollar guide,UPLD
1023128,2025Q3,2,2,True,1,1,0.007896,next-quarter guide implies faster y/y than reported,dollar guide,LAD
1069878,2026Q2,2,2,False,1,1,0.05694,next-quarter guide implies faster y/y than reported,dollar guide,TREX
1377630,2026Q1,3,2,False,1,1,0.04615,next-quarter guide implies faster y/y than reported,dollar guide,NCMI
917520,2026Q2,6,2,False,1,1,0.00302,next-quarter guide implies faster y/y than reported,dollar guide,IART
1375365,2025Q4,1,1,False,1,1,0.2682,next-quarter guide implies faster y/y than reported,dollar guide,SMCI
1102993,2025Q4,4,1,False,1,1,0.174,next-quarter guide implies faster y/y than reported,dollar guide,
2023554,2025Q4,1,1,False,1,1,0.1635,next-quarter guide implies faster y/y than reported,dollar guide,SNDK
1943289,2025Q4,3,1,False,1,1,0.1407,next-quarter guide implies faster y/y than reported,dollar guide,SVCO
1887944,2025Q3,2,1,False,1,1,0.1087,next-quarter guide implies faster y/y than reported,dollar guide,SHIM
1596532,2026Q2,5,1,False,1,1,0.08418,next-quarter guide implies faster y/y than reported,dollar guide,ANET
1039399,2026Q2,5,1,False,1,1,0.07601,next-quarter guide implies faster y/y than reported,dollar guide,FORM
1432133,2026Q1,4,1,False,1,1,0.07274,next-quarter guide implies faster y/y than reported,dollar guide,KLTR
1462056,2026Q2,5,1,False,1,1,0.06783,next-quarter guide implies faster y/y than reported,dollar guide,BLZE
927003,2026Q2,5,1,False,1,1,0.06315,next-quarter guide implies faster y/y than reported,dollar guide,AEIS
1393584,2026Q2,1,1,False,1,1,0.04096,next-quarter guide implies faster y/y than reported,dollar guide,AMWL
1936224,2026Q2,4,1,False,1,1,0.0354,next-quarter guide implies faster y/y than reported,dollar guide,SRFM
1650372,2025Q4,1,1,False,1,1,0.03074,next-quarter guide implies faster y/y than reported,dollar guide,TEAM
1468666,2024Q2,2,1,False,1,1,0.02727,next-quarter guide implies faster y/y than reported,dollar guide,
1633978,2025Q4,1,1,False,1,1,0.02385,next-quarter guide implies faster y/y than reported,dollar guide,LITE
1324948,2025Q3,1,1,False,1,1,0.02315,next-quarter guide implies faster y/y than reported,dollar guide,RBC
864749,2026Q2,5,1,False,1,1,0.02262,full-year guide raised vs prior full-year guide,dollar guide,TRMB
319201,2025Q4,1,1,False,1,1,0.02237,next-quarter guide implies faster y/y than reported,dollar guide,KLAC
1288847,2026Q2,5,1,False,1,1,0.02106,full-year guide raised vs prior full-year guide,dollar guide,FIVN
1866550,2024Q1,1,1,False,1,1,0.02092,next-quarter guide implies faster y/y than reported,dollar guide,
1066194,2025Q4,1,1,False,1,1,0.01902,next-quarter guide implies faster y/y than reported,dollar guide,EGAN
733269,2025Q3,1,1,False,1,1,0.01436,next-quarter guide implies faster y/y than reported,dollar guide,RAMP
912093,2025Q4,1,1,False,1,1,0.01178,next-quarter guide implies faster y/y than reported,dollar guide,VIAV
1077183,2025Q4,2,1,False,1,1,0.01154,next-quarter guide implies faster y/y than reported,dollar guide,NEO
1272842,2025Q4,3,1,False,1,1,0.01042,next-quarter guide implies faster y/y than reported,dollar guide,AIRG
1819994,2026Q2,5,1,False,1,1,0.006735,next-quarter guide implies faster y/y than reported,dollar guide,RKLB
1372612,2026Q2,5,1,False,1,1,0.00673,next-quarter guide implies faster y/y than reported,dollar guide,BOX
910638,2026Q2,2,1,False,1,1,0.00616,next-quarter guide implies faster y/y than reported,dollar guide,DDD
1108524,2026Q2,5,1,False,1,1,0.003095,next-quarter guide implies faster y/y than reported,dollar guide,CRM
1853145,2026Q2,5,1,False,1,1,0.0001118,next-quarter guide implies faster y/y than reported,dollar guide,EVCM
1805385,2026Q1,1,0,False,1,0,0.2033,next-quarter guide implies faster y/y than reported,dollar guide,EVLV
2052568,2026Q2,2,0,False,1,0,0.1741,next-quarter guide implies faster y/y than reported,dollar guide,LGN
1777393,2026Q2,5,0,False,1,0,0.1607,next-quarter guide implies faster y/y than reported,dollar guide,CHPT
15615,2026Q2,2,0,False,1,0,0.1509,next-quarter guide implies faster y/y than reported,dollar guide,MTZ
50863,2026Q2,5,0,False,1,0,0.1278,next-quarter guide implies faster y/y than reported,dollar guide,INTC
1776909,2025Q3,1,0,False,1,0,0.1127,next-quarter guide implies faster y/y than reported,dollar guide,CURI
97210,2026Q2,5,0,False,1,0,0.1075,next-quarter guide implies faster y/y than reported,dollar guide,TER
1474735,2026Q2,2,0,False,1,0,0.1071,next-quarter guide implies faster y/y than reported,dollar guide,GNRC
1361658,2026Q2,1,0,False,1,0,0.1061,next-quarter guide implies faster y/y than reported,dollar guide,TNL
1569345,2026Q2,5,0,False,1,0,0.1018,next-quarter guide implies faster y/y than reported,dollar guide,CXM
1640147,2026Q2,1,0,False,1,0,0.09314,next-quarter guide implies faster y/y than reported,dollar guide,SNOW
1591698,2025Q4,1,0,False,1,0,0.09222,next-quarter guide implies faster y/y than reported,dollar guide,PCTY
1645590,2026Q1,1,0,False,1,0,0.08959,next-quarter guide implies faster y/y than reported,dollar guide,HPE
1262039,2026Q2,5,0,False,1,0,0.08931,next-quarter guide implies faster y/y than reported,dollar guide,FTNT
1810806,2026Q2,4,0,False,1,0,0.08211,next-quarter guide implies faster y/y than reported,dollar guide,U
1943896,2026Q2,4,0,False,1,0,0.07894,next-quarter guide implies faster y/y than reported,dollar guide,RBRK
1111928,2026Q2,5,0,False,1,0,0.07146,next-quarter guide implies faster y/y than reported,dollar guide,IPGP
1122904,2025Q3,2,0,False,1,0,0.06992,next-quarter guide implies faster y/y than reported,dollar guide,NTGR
708821,2026Q2,1,0,False,1,0,0.06728,next-quarter guide implies faster y/y than reported,dollar guide,PAR
1023731,2025Q3,1,0,False,1,0,0.06722,next-quarter guide implies faster y/y than reported,dollar guide,EGHT
1579878,2026Q2,2,0,False,1,0,0.06041,next-quarter guide implies faster y/y than reported,dollar guide,FIG
833444,2026Q1,1,0,False,1,0,0.05897,next-quarter guide implies faster y/y than reported,dollar guide,JCI
1124796,2026Q2,5,0,False,1,0,0.05886,next-quarter guide implies faster y/y than reported,dollar guide,LASR
78239,2025Q3,1,0,False,1,0,0.05874,next-quarter guide implies faster y/y than reported,dollar guide,PVH
1441816,2026Q2,2,0,False,1,0,0.05867,next-quarter guide implies faster y/y than reported,dollar guide,MDB
2069785,2026Q2,2,0,False,1,0,0.05848,next-quarter guide implies faster y/y than reported,dollar guide,GLOO
1855747,2026Q2,3,0,False,1,0,0.05741,next-quarter guide implies faster y/y than reported,dollar guide,BLND
1045810,2026Q2,5,0,False,1,0,0.05737,next-quarter guide implies faster y/y than reported,dollar guide,NVDA
1123494,2026Q2,2,0,False,1,0,0.05707,next-quarter guide implies faster y/y than reported,dollar guide,HBIO
1800667,2026Q2,5,0,False,1,0,0.05659,next-quarter guide implies faster y/y than reported,dollar guide,FROG
1002047,2025Q3,1,0,False,1,0,0.05573,next-quarter guide implies faster y/y than reported,dollar guide,NTAP
854775,2026Q1,1,0,False,1,0,0.05438,next-quarter guide implies faster y/y than reported,dollar guide,DGII
1528396,2025Q4,1,0,False,1,0,0.04999,next-quarter guide implies faster y/y than reported,dollar guide,GWRE
1477333,2026Q2,5,0,False,1,0,0.0475,next-quarter guide implies faster y/y than reported,dollar guide,NET
1097864,2026Q2,5,0,False,1,0,0.04463,next-quarter guide implies faster y/y than reported,dollar guide,ON
1561550,2026Q2,5,0,False,1,0,0.04321,next-quarter guide implies faster y/y than reported,dollar guide,DDOG
1757898,2025Q3,1,0,False,1,0,0.04307,next-quarter guide implies faster y/y than reported,dollar guide,STE
106040,2026Q1,3,0,False,1,0,0.04281,next-quarter guide implies faster y/y than reported,dollar guide,WDC
877212,2026Q2,4,0,False,1,0,0.04258,next-quarter guide implies faster y/y than reported,growth guide converted to dollars,ZBRA
56679,2025Q3,1,0,False,1,0,0.04257,next-quarter guide implies faster y/y than reported,dollar guide,KFY
1828791,2026Q2,4,0,False,1,0,0.04254,next-quarter guide implies faster y/y than reported,dollar guide,DSP
1431695,2025Q2,5,0,False,1,0,0.04224,next-quarter guide implies faster y/y than reported,dollar guide,
1384905,2026Q2,5,0,False,1,0,0.04205,next-quarter guide implies faster y/y than reported,dollar guide,RNG
1837240,2026Q1,2,0,False,1,0,0.04074,next-quarter guide implies faster y/y than reported,dollar guide,SYM
1428439,2026Q1,2,0,False,1,0,0.04073,next-quarter guide implies faster y/y than reported,dollar guide,ROKU
1048695,2026Q1,1,0,False,1,0,0.04064,next-quarter guide implies faster y/y than reported,dollar guide,FFIV
1371489,2026Q2,2,0,False,1,0,0.03949,next-quarter guide implies faster y/y than reported,dollar guide,III
804328,2026Q1,1,0,False,1,0,0.03912,next-quarter guide implies faster y/y than reported,dollar guide,QCOM
935036,2026Q1,1,0,False,1,0,0.03841,next-quarter guide implies faster y/y than reported,dollar guide,ACIW
1443669,2026Q2,5,0,False,1,0,0.03709,next-quarter guide implies faster y/y than reported,dollar guide,PRLB
1721947,2025Q3,4,0,False,1,0,0.03669,next-quarter guide implies faster y/y than reported,dollar guide,
1636422,2026Q2,4,0,False,1,0,0.03657,next-quarter guide implies faster y/y than reported,dollar guide,HCAT
2041385,2026Q2,2,0,False,1,0,0.03613,next-quarter guide implies faster y/y than reported,dollar guide,RAL
1868778,2025Q1,3,0,False,1,0,0.03563,next-quarter guide implies faster y/y than reported,dollar guide,
2063196,2026Q2,1,0,False,1,0,0.0354,next-quarter guide implies faster y/y than reported,dollar guide,NTSK
1777921,2026Q2,5,0,False,1,0,0.03487,next-quarter guide implies faster y/y than reported,dollar guide,AVPT
1581280,2026Q1,1,0,False,1,0,0.03472,next-quarter guide implies faster y/y than reported,dollar guide,TWST
1018724,2026Q2,5,0,False,1,0,0.03405,next-quarter guide implies faster y/y than reported,dollar guide,AMZN
1739942,2024Q3,3,0,False,1,0,0.03372,next-quarter guide implies faster y/y than reported,dollar guide,
1821159,2026Q2,1,0,False,1,0,0.0331,full-year guide raised vs prior full-year guide,dollar guide,EVGO
1734722,2026Q2,5,0,False,1,0,0.03209,next-quarter guide implies faster y/y than reported,dollar guide,PATH
1037868,2025Q4,1,0,False,1,0,0.03132,next-quarter guide implies faster y/y than reported,growth guide converted to dollars,AME
2488,2026Q2,5,0,False,1,0,0.03,next-quarter guide implies faster y/y than reported,dollar guide,AMD
1110611,2025Q3,2,0,False,1,0,0.02982,next-quarter guide implies faster y/y than reported,dollar guide,
1097149,2026Q1,1,0,False,1,0,0.02979,next-quarter guide implies faster y/y than reported,dollar guide,ALGN
1611052,2026Q2,5,0,False,1,0,0.02796,next-quarter guide implies faster y/y than reported,dollar guide,PCOR
707549,2025Q4,1,0,False,1,0,0.02784,next-quarter guide implies faster y/y than reported,dollar guide,LRCX
21535,2026Q1,2,0,False,1,0,0.02557,next-quarter guide implies faster y/y than reported,dollar guide,COHU
896493,2026Q1,1,0,False,1,0,0.02509,next-quarter guide implies faster y/y than reported,dollar guide,GPUS
1713683,2025Q4,1,0,False,1,0,0.02353,next-quarter guide implies faster y/y than reported,dollar guide,ZS
720500,2026Q1,1,0,False,1,0,0.0234,next-quarter guide implies faster y/y than reported,dollar guide,ASYS
1364954,2025Q3,1,0,False,1,0,0.02292,next-quarter guide implies faster y/y than reported,dollar guide,CHGG
1309108,2026Q2,5,0,False,1,0,0.02239,next-quarter guide implies faster y/y than reported,dollar guide,WEX
849399,2025Q3,1,0,False,1,0,0.02092,next-quarter guide implies faster y/y than reported,dollar guide,GEN
1628908,2025Q3,2,0,False,1,0,0.02028,next-quarter guide implies faster y/y than reported,dollar guide,EVH
1361113,2026Q2,5,0,False,1,0,0.01996,next-quarter guide implies faster y/y than reported,dollar guide,VRNS
1806837,2026Q2,3,0,False,1,0,0.01985,next-quarter guide implies faster y/y than reported,dollar guide,VERX
1393883,2025Q3,2,0,False,1,0,0.01978,full-year guide raised vs prior full-year guide,dollar guide,DHX
1660134,2026Q2,5,0,False,1,0,0.01899,next-quarter guide implies faster y/y than reported,dollar guide,OKTA
1845022,2025Q1,4,0,False,1,0,0.01843,next-quarter guide implies faster y/y than reported,dollar guide,
1707753,2025Q3,1,0,False,1,0,0.01798,next-quarter guide implies faster y/y than reported,dollar guide,ESTC
1410384,2026Q2,2,0,False,1,0,0.01743,next-quarter guide implies faster y/y than reported,dollar guide,QTWO
1445305,2026Q2,5,0,False,1,0,0.01709,next-quarter guide implies faster y/y than reported,dollar guide,WK
1725057,2025Q2,2,0,False,1,0,0.01685,next-quarter guide implies faster y/y than reported,dollar guide,
858877,2025Q4,1,0,False,1,0,0.01649,next-quarter guide implies faster y/y than reported,dollar guide,CSCO
1477720,2026Q2,5,0,False,1,0,0.0161,next-quarter guide implies faster y/y than reported,dollar guide,ASAN
1494259,2026Q2,3,0,False,1,0,0.01608,next-quarter guide implies faster y/y than reported,dollar guide,CARG
1404655,2026Q2,5,0,False,1,0,0.01587,next-quarter guide implies faster y/y than reported,dollar guide,HUBS
1327688,2026Q2,5,0,False,1,0,0.01559,next-quarter guide implies faster y/y than reported,dollar guide,OOMA
1660280,2026Q2,5,0,False,1,0,0.01515,next-quarter guide implies faster y/y than reported,dollar guide,TENB
10456,2025Q3,2,0,False,1,0,0.01487,next-quarter guide implies faster y/y than reported,growth guide converted to dollars,BAX
1902733,2026Q2,5,0,False,1,0,0.01418,next-quarter guide implies faster y/y than reported,dollar guide,NCNO
1366561,2024Q2,2,0,False,1,0,0.0125,next-quarter guide implies faster y/y than reported,dollar guide,
8063,2025Q4,1,0,False,1,0,0.01081,next-quarter guide implies faster y/y than reported,dollar guide,ATRO
1666700,2026Q2,1,0,False,1,0,0.01056,next-quarter guide implies faster y/y than reported,dollar guide,DD
1866368,2025Q3,1,0,False,1,0,0.01039,next-quarter guide implies faster y/y than reported,dollar guide,
1398659,2026Q2,5,0,False,1,0,0.0101,next-quarter guide implies faster y/y than reported,dollar guide,G
1627475,2026Q2,5,0,False,1,0,0.008737,next-quarter guide implies faster y/y than reported,dollar guide,UPWK
817720,2025Q4,1,0,False,1,0,0.008333,next-quarter guide implies faster y/y than reported,dollar guide,SYNA
1585521,2026Q2,5,0,False,1,0,0.007666,next-quarter guide implies faster y/y than reported,dollar guide,ZM
1810019,2025Q3,1,0,False,1,0,0.006297,next-quarter guide implies faster y/y than reported,dollar guide,RXT
1819974,2025Q1,2,0,False,1,0,0.004852,next-quarter guide implies faster y/y than reported,dollar guide,
1819928,2026Q1,4,0,False,1,0,0.004583,next-quarter guide implies faster y/y than reported,dollar guide,DV
1666134,2026Q2,5,0,False,1,0,0.004396,next-quarter guide implies faster y/y than reported,dollar guide,BL
1997859,2026Q2,5,0,False,1,0,0.004347,next-quarter guide implies faster y/y than reported,dollar guide,WBTN
1831840,2025Q3,4,0,False,1,0,0.004256,full-year guide raised vs prior full-year guide,dollar guide,
1609711,2026Q2,5,0,False,1,0,0.002317,next-quarter guide implies faster y/y than reported,dollar guide,GDDY
1834488,2026Q2,5,0,False,1,0,0.001616,next-quarter guide implies faster y/y than reported,dollar guide,NABL
1280263,2026Q2,5,0,False,1,0,0.001157,next-quarter guide implies faster y/y than reported,dollar guide,AMBA
1058290,2026Q2,5,0,False,0,0,-0.0007293,next-quarter guide implies faster y/y than reported,dollar guide,CTSH
1703056,2025Q3,2,0,False,0,0,-0.001574,next-quarter guide implies faster y/y than reported,dollar guide,ADT
1036044,2026Q2,5,0,False,0,0,-0.003333,next-quarter guide implies faster y/y than reported,dollar guide,INVE
780571,2026Q2,5,0,False,0,1,-0.003713,next-quarter guide implies faster y/y than reported,dollar guide,ITRI
1626450,2026Q2,3,0,False,0,0,-0.005753,next-quarter guide implies faster y/y than reported,dollar guide,CMRC
1370946,2025Q3,2,0,False,0,0,-0.005926,next-quarter guide implies faster y/y than reported,dollar guide,OC
1681622,2026Q1,1,0,False,0,1,-0.006897,next-quarter guide implies faster y/y than reported,dollar guide,VREX
1114925,2025Q4,1,0,False,0,1,-0.007533,next-quarter guide implies faster y/y than reported,dollar guide,LTRX
1417663,2025Q4,1,0,False,0,0,-0.007852,next-quarter guide implies faster y/y than reported,dollar guide,SNWV
1463101,2026Q2,3,0,False,0,0,-0.01066,next-quarter guide implies faster y/y than reported,dollar guide,ENPH
1738177,2024Q3,2,0,False,0,0,-0.01829,next-quarter guide implies faster y/y than reported,dollar guide,CMBMF
880807,2025Q3,1,0,False,0,0,-0.02427,next-quarter guide implies faster y/y than reported,dollar guide,AMSC
948320,2026Q2,2,0,False,0,0,-0.02513,next-quarter guide implies faster y/y than reported,dollar guide,LFMD
810136,2026Q1,1,0,False,0,1,-0.02806,next-quarter guide implies faster y/y than reported,dollar guide,PLAB
819793,2026Q2,3,0,False,0,1,-0.03094,next-quarter guide implies faster y/y than reported,dollar guide,AIN
926282,2026Q2,5,0,False,0,0,-0.04046,next-quarter guide implies faster y/y than reported,dollar guide,ADTN
1070235,2025Q3,1,0,False,0,0,-0.04706,next-quarter guide implies faster y/y than reported,dollar guide,BB
1123360,2025Q3,1,0,False,0,1,-0.0474,next-quarter guide implies faster y/y than reported,growth guide converted to dollars,GPN
1786842,2026Q1,1,0,False,0,0,-0.07161,next-quarter guide implies faster y/y than reported,dollar guide,VNT
1294133,2025Q4,2,0,False,0,0,-0.0766,full-year guide raised vs prior full-year guide,dollar guide,INGN
1159167,2024Q4,1,0,False,0,1,-0.08246,next-quarter guide implies faster y/y than reported,dollar guide,
723125,2025Q1,1,0,False,0,1,-0.08489,next-quarter guide implies faster y/y than reported,dollar guide,MU
808326,2024Q1,1,0,False,0,0,-0.1463,next-quarter guide implies faster y/y than reported,dollar guide,
2040127,2026Q2,1,0,False,0,1,-0.1492,next-quarter guide implies faster y/y than reported,dollar guide,KRMN
