ticker,name,industry,cqp,rev,rpo,rpo_cover_q,b2b,b2b_4q,b2b_prev3,b2b_trend,rpo_yoy,rpo_yoy_accel,rev_yoy,d_rpo
DELL,Dell Technologies Inc.,Electronic Computers,2026Q2,4.697e+04,1.32e+05,2.81,1.745,1.569,1.51,0.2351,2,1.02,0.5775,3.5e+04
LUNR,"INTUITIVE MACHINES, INC.","Search, Detection, Navigation, Guidance, Aeronautical Sys",2026Q2,203.4,814.7,4.005,1.11,1.841,2.085,-0.9746,5.497,0.6668,3.043,22.4
RXT,"RACKSPACE TECHNOLOGY, INC.","Services-Computer Programming, Data Processing, Etc.",2026Q2,670.1,809.1,1.207,1.349,1.109,1.03,0.3189,0.5711,0.6309,0.005703,233.6
XYL,Xylem Inc.,Pumps & Pumping Equipment,2026Q2,2336,2924,1.252,1.414,1.121,1.024,0.3902,0.6244,0.5372,0.01521,967
AKAM,"Akamai Technologies, Inc","Services-Business Services, NEC",2026Q2,1100,7600,6.911,2.91,1.757,1.373,1.537,0.7674,0.4884,0.05385,2100
RDW,Redwire Corporation,Guided Missiles & Space Vehicles & Parts,2026Q2,117.1,435.3,3.718,1.358,1.456,1.488,-0.1303,0.7928,0.3664,0.8956,41.9
PRIM,Primoris Services Corporation,"Water, Sewer, Pipeline, Comm & Power Line Construction",2026Q2,1688,6000,3.554,1.889,1.112,0.8528,1.036,0.1321,0.3562,-0.1071,1500
DHR,DANAHER CORPORATION,"Industrial Instruments For Measurement, Display, and Control",2026Q2,6265,7500,1.197,1.351,1.103,1.02,0.3309,0.5306,0.3528,0.05542,2200
ECG,"Everus Construction Group, Inc.",Operative Builders,2026Q2,1232,3950,3.207,1.698,1.274,1.133,0.5655,0.4739,0.342,0.3365,860
ENPH,"Enphase Energy, Inc.",Semiconductors & Related Devices,2026Q2,291.9,582.5,1.996,1.384,1.096,1,0.3833,0.2647,0.3264,-0.1963,111.9
STRL,"STERLING INFRASTRUCTURE, INC.",Heavy Construction Other Than Bldg Const - Contractors,2026Q2,1168,4234,3.624,1.375,1.681,1.783,-0.4083,1.108,0.3243,0.9011,437.9
ADEA,ADEIA INC.,Cable & Other Pay Television Services,2026Q2,96.12,519.1,5.401,1.852,1.209,0.9948,0.8573,0.2827,0.3139,0.1211,81.91
LMT,LOCKHEED MARTIN CORPORATION,Guided Missiles & Space Vehicles & Parts,2026Q2,2.006e+04,2.304e+05,11.48,3.193,1.796,1.33,1.863,0.3838,0.3063,0.1051,4.4e+04
RKLB,ROCKET LAB CORP,Guided Missiles & Space Vehicles & Parts,2026Q2,234.1,2356,10.07,1.582,2.818,3.23,-1.648,1.367,0.2863,0.6199,136.2
PWR,"Quanta Services, Inc.",Electrical Work,2026Q2,9557,3.355e+04,3.511,1.765,1.418,1.303,0.4623,0.751,0.2644,0.411,7310
IESC,"IES Holdings, Inc.",Electrical Work,2026Q2,1243,2802,2.254,1.366,1.353,1.257,0.1089,1.163,0.2486,0.396,454.5
UPLD,"UPLAND SOFTWARE, INC.",Services-Prepackaged Software,2026Q2,49.14,169.8,3.455,1.094,1.003,0.9733,0.1203,0.002361,0.234,-0.07946,4.6
J,JACOBS SOLUTIONS INC.,Heavy Construction Other Than Bldg Const - Contractors,2026Q2,4076,2.22e+04,5.446,1.785,1.59,1.329,0.4565,0.4605,0.2105,0.3446,3200
CRWD,"CROWDSTRIKE HOLDINGS, INC.",Services-Prepackaged Software,2026Q2,1471,1.07e+04,7.274,2.292,1.639,1.422,0.8699,0.4861,0.192,0.2583,1900
DCO,DUCOMMUN INCORPORATED,"Aircraft Parts & Auxiliary Equipment, NEC",2026Q2,224.5,1159,5.162,1.38,1.288,1.258,0.1216,0.2791,0.1902,0.118,85.2
ATI,ATI Inc.,Steel Pipe & Tubes,2026Q2,1261,4400,3.489,1.238,1.145,1.114,0.1234,0.1892,0.1642,0.1058,300
FLNC,"Fluence Energy, Inc.","Miscellaneous Electrical Machinery, Equipment & Supplies",2026Q2,649.8,6400,9.848,2.231,1.622,1.212,1.019,0.3061,0.1633,0.07853,800
HP,"HELMERICH & PAYNE, INC.",Drilling Oil & Gas Wells,2026Q2,1035,6100,5.895,1.676,1.44,1.182,0.4939,0.1296,0.1478,-0.005829,700
MYRG,MYR GROUP INC.,"Water, Sewer, Pipeline, Comm & Power Line Construction",2026Q2,1082,2827,2.613,1.277,1.119,1.067,0.2106,0.2123,0.1444,0.2015,300
QMCO,QUANTUM CORP /DE/,Computer Storage Devices,2026Q2,80.8,165.9,2.053,1.033,1.075,0.9975,0.03553,0.3256,0.1429,0.2569,2.671
KTOS,"KRATOS DEFENSE & SECURITY SOLUTIONS, INC.",Guided Missiles & Space Vehicles & Parts,2026Q2,458.8,2084,4.542,1.159,1.45,1.547,-0.388,0.4743,0.1408,0.3053,73
CACI,CACI International Inc,Services-Computer Integrated Systems Design,2026Q1,2351,1.23e+04,5.232,1.425,1.017,0.7832,0.6422,0.0885,0.1389,0.08492,1000
NOC,NORTHROP GRUMMAN CORP /DE/,"Search, Detection, Navigation, Guidance, Aeronautical Sys",2026Q2,1.088e+04,1.047e+05,9.627,1.837,1.339,1.173,0.6633,0.1672,0.1371,0.05072,9100
FIVN,"Five9, Inc.",Services-Computer Processing & Data Preparation,2026Q2,312.4,1448,4.634,1.8,1.239,1.051,0.7487,0.259,0.1359,0.103,250
PANW,"PALO ALTO NETWORKS, INC","Computer Peripheral Equipment, NEC",2026Q1,3002,1.84e+04,6.129,1.799,1.29,1.097,0.7028,0.363,0.1322,0.3115,2400
CAT,CATERPILLAR INC,Construction Machinery & Equip,2026Q2,2.054e+04,4.41e+04,2.147,1.341,1.325,1.319,0.02144,1.239,0.1306,0.2398,7000
S,"SENTINELONE, INC",Services-Prepackaged Software,2026Q2,292,1700,5.822,1.685,1.45,1.372,0.3128,0.4167,0.1273,0.2056,200
ICLR,ICON plc,Services-Commercial Physical & Biological Research,2026Q2,2063,1.57e+04,7.608,1.339,1.156,1.094,0.2448,0.09028,0.1225,0.01197,700
,"CSG SYSTEMS INTERNATIONAL, INC.",Services-Computer Processing & Data Preparation,2026Q1,313.7,2300,7.331,1.319,1.407,1.437,-0.118,0.2778,0.1199,0.04768,100
MRCY,"MERCURY SYSTEMS, INC.",Electronic Components & Accessories,2026Q1,235.8,859.8,3.647,1.154,1.102,0.9765,0.1772,0.1892,0.1197,0.1154,36.24
ATRO,ASTRONICS CORPORATION,"Aircraft Parts & Auxiliary Equipment, NEC",2026Q2,260,780.6,3.003,1.178,1.14,1.127,0.05102,0.2095,0.1184,0.2701,46.3
EME,"EMCOR Group, Inc.",Electrical Work,2026Q2,5155,1.714e+04,3.326,1.295,1.278,1.272,0.0234,0.4389,0.1094,0.1976,1522
ATEN,"A10 NETWORKS, INC.",Computer Communications Equipment,2026Q2,80.14,154.8,1.932,1.096,1.033,1.013,0.08302,0.07245,0.109,0.155,7.664
BKSY,BLACKSKY TECHNOLOGY INC,Radio & Tv Broadcasting & Communications Equipment,2026Q2,33.32,378.1,11.35,1.795,1.007,0.7441,1.051,0.06118,0.1008,0.5008,26.5
WWD,"WOODWARD, INC.",Electrical Industrial Apparatus,2026Q2,1110,4118,3.711,1.307,1.288,1.201,0.1058,0.3089,0.09251,0.2122,340.3
BKR,Baker Hughes Company,Oil & Gas Field Machinery & Equipment,2026Q2,6742,4.01e+04,5.948,1.593,1.223,1.099,0.4943,0.1794,0.09206,-0.02431,4000
NCNO,"nCino, Inc.",Services-Prepackaged Software,2026Q2,161,1400,8.696,1.621,1.322,1.223,0.3984,0.1667,0.08333,0.08189,100
PCOR,"Procore Technologies, Inc.",Services-Prepackaged Software,2026Q2,375.2,1700,4.531,1.267,1.284,1.289,-0.02282,0.3077,0.07692,0.1583,100
BOX,"Box, Inc.",Services-Prepackaged Software,2026Q2,321.1,1700,5.294,1.311,1.16,1.109,0.2024,0.1333,0.06667,0.09234,100
TH,TARGET HOSPITALITY CORP.,"Hotels, Rooming Houses, Camps & Other Lodging Places",2026Q2,85.45,263.3,3.081,1.117,1.396,1.489,-0.3725,0.7089,0.06354,0.3871,9.987
QLYS,"QUALYS, INC.",Services-Prepackaged Software,2026Q2,182.2,499.9,2.744,1.184,1.094,1.064,0.1201,0.1539,0.06307,0.1104,33.47
GTLB,GITLAB INC.,Services-Prepackaged Software,2026Q2,286.3,1200,4.192,1.349,1.196,1.145,0.2046,0.2143,0.06262,0.2131,100
VSAT,"VIASAT, INC.","Communications Services, NEC",2026Q2,1157,4200,3.632,1.086,1.174,1.117,-0.03075,0.2,0.06111,-0.01239,100
KBR,"KBR, Inc.",Heavy Construction Other Than Bldg Const - Contractors,2026Q2,1984,1.37e+04,6.905,1.05,1.077,1.086,-0.03528,0.0458,0.06029,0.01639,100
KFY,KORN FERRY,Services-Employment Agencies,2026Q2,764.6,1328,1.737,1.053,1.092,1.063,-0.01057,0.1725,0.05909,0.06859,40.2
SPT,"SPROUT SOCIAL, INC.",Services-Prepackaged Software,2026Q2,123.8,400.8,3.236,1.044,,1.043,0.001387,0.155,0.0576,0.108,5.5
P,"Everpure, Inc.",Computer Storage Devices,2026Q2,1186,4100,3.457,1.253,1.302,1.318,-0.06508,0.4643,0.05688,0.3773,300
TTEK,"TETRA TECH, INC.",Services-Engineering Services,2026Q2,1309,4440,3.393,1.164,1.04,0.9986,0.1657,0.04718,0.05612,-0.04472,215
ACM,AECOM,Services-Engineering Services,2026Q2,3586,2.04e+04,5.689,1.084,1.063,0.9874,0.09624,0.1397,0.05318,-0.1418,300
DRS,"Leonardo DRS, Inc.","Search, Detection, Navigation, Guidance, Aeronautical Sys",2026Q2,913,8787,9.624,1.444,1.061,0.9339,0.5097,0.02091,0.04762,0.1013,405
GEV,GE Vernova Inc.,Electronic & Other Electrical Equipment (No Computer Equip),2026Q2,1.11e+04,1.763e+05,15.88,2.171,2.149,2.142,0.02936,0.3703,0.04752,0.2187,1.301e+04
ROAD,"Construction Partners, Inc.",Heavy Construction Other Than Bldg Const - Contractors,2026Q2,999.4,2700,2.702,1.1,1.206,1.173,-0.07309,0.2273,0.04545,0.2825,100
DGII,DIGI INTERNATIONAL INC.,Computer Communications Equipment,2026Q2,138.7,240.1,1.731,1.027,1.095,1.08,-0.05327,0.511,0.04086,0.2898,3.7
MANH,"MANHATTAN ASSOCIATES, INC.",Services-Prepackaged Software,2026Q2,297.8,2500,8.395,1.672,1.44,1.362,0.3094,0.25,0.03947,0.09314,200
SIF,"SIFCO Industries, Inc.",Aircraft Engines & Engine Parts,2026Q2,26.14,164.2,6.279,1.246,1.594,1.53,-0.2834,0.2587,0.03815,0.1833,6.441
AMPL,"AMPLITUDE, INC.",Services-Prepackaged Software,2026Q2,100.9,483,4.788,1.551,1.33,1.256,0.2953,0.3488,0.03734,0.2116,55.6
ZM,"Zoom Communications, Inc.","Services-Computer Programming, Data Processing, Etc.",2026Q2,1277,4536,3.551,1.186,1.111,1.087,0.09922,0.1408,0.03213,0.04928,237.3
MDB,"MONGODB, INC.",Services-Prepackaged Software,2026Q2,771.8,1519,1.968,1.079,1.266,1.329,-0.2502,0.9129,0.0291,0.305,60.6
FROG,JFrog Ltd.,Services-Prepackaged Software,2026Q2,163.8,659,4.024,1.514,1.3,1.228,0.285,0.3824,0.02716,0.2873,84.1
CTSH,COGNIZANT TECHNOLOGY SOLUTIONS CORPORATION,Services-Computer Programming Services,2026Q2,5481,6939,1.266,1.121,1.039,1.012,0.1092,0.1409,0.02575,0.045,664
PH,PARKER-HANNIFIN CORPORATION,Miscellaneous Fabricated Metal Products,2026Q1,5486,1.25e+04,2.279,1.146,1.094,1.079,0.06678,0.1364,0.02208,0.106,800
WK,WORKIVA INC,Services-Prepackaged Software,2026Q2,255.3,1456,5.705,1.101,1.274,1.331,-0.2303,0.2138,0.0215,0.1864,25.8
SPGI,S&P Global Inc.,"Services-Consumer Credit Reporting, Collection Agencies",2026Q2,4146,5800,1.399,1.024,1.058,1.069,-0.04502,0.1837,0.02041,0.1041,100
NET,"Cloudflare, Inc.",Services-Prepackaged Software,2026Q2,696.1,2732,3.925,1.271,1.304,1.315,-0.04405,0.3821,0.01771,0.3587,188.5
FTNT,"FORTINET, INC.","Computer Peripheral Equipment, NEC",2026Q2,2048,7730,3.775,1.137,1.143,1.145,-0.007884,0.1642,0.01624,0.2564,280
CDNS,"CADENCE DESIGN SYSTEMS, INC.",Services-Prepackaged Software,2026Q2,1584,8100,5.112,1.063,1.301,1.38,-0.3167,0.2656,0.01562,0.2423,100
OKTA,"Okta, Inc.",Services-Prepackaged Software,2026Q2,805,4858,6.035,1.173,1.231,1.25,-0.0775,0.17,0.01455,0.1058,139
JCI,JOHNSON CONTROLS INTERNATIONAL PLC,Air-Cond & Warm Air Heatg Equip & Comm & Indl Refrig Equip,2026Q2,6614,2.71e+04,4.097,1.121,1.242,1.223,-0.1023,0.2098,0.01437,0.09286,800
INTA,"Intapp, Inc.",Services-Prepackaged Software,2026Q1,146,791.4,5.419,1.098,1.169,1.152,-0.05447,0.2734,0.01041,0.1315,14.3
BRKR,BRUKER CORPORATION,Laboratory Analytical Instruments,2026Q2,838.5,2776,3.31,1.081,1.179,1.212,-0.1308,0.316,0.009158,0.05154,67.8
EXTR,"EXTREME NETWORKS, INC.",Computer Communications Equipment,2026Q1,316.9,647.1,2.042,1.013,1.031,1.026,-0.01282,0.0992,0.008616,0.1138,4.2
TDY,TELEDYNE TECHNOLOGIES INC,"Search, Detection, Navigation, Guidance, Aeronautical Sys",2026Q2,1662,5176,3.113,1.186,1.113,1.089,0.09706,0.1624,0.00752,0.0983,308.7
,"CHART INDUSTRIES, INC.",Fabricated Plate Work (Boiler Shops),2026Q1,884.8,6283,7.101,1.448,1.282,1.226,0.2224,0.2215,0.006622,-0.1165,396.7
TENB,"TENABLE HOLDINGS, INC.",Services-Prepackaged Software,2026Q2,268.5,1026,3.822,1.048,1.133,1.161,-0.1126,0.154,0.005605,0.08578,12.91
SAIL,"SailPoint, Inc.",Services-Prepackaged Software,2026Q2,308.8,1900,6.153,1.324,1.351,1.36,-0.03667,0.2789,0.002263,0.1682,100
