ticker,axis,series,cq,value,yoy,accel,streak,cum_accel,qoq_3q,share,score,short_history
MU,segment,CDBU,2026Q2,1.152e+04,6.532,4.424,2,6.494,6.308,0.278,6.257,True
NVDA,geography,China (including Hong Kong),2026Q3,7880,1.846,2.022,3,2.297,1.651,0.08189,3.502,False
MU,product,NAND,2026Q2,9943,3.614,1.92,3,3.662,3.415,0.2398,3.326,False
AMAT,geography,Europe,2026Q3,483,2.019,1.642,4,2.547,1.195,0.05299,3.284,False
MU,company,TOTAL COMPANY,2026Q2,4.146e+04,3.457,1.494,4,3.092,2.664,1,2.989,False
MU,product,DRAM,2026Q2,3.133e+04,3.43,1.365,5,2.958,2.487,0.7557,2.731,False
MU,segment,AEBU,2026Q2,4634,3.112,1.493,2,2.626,2.232,0.1118,2.111,True
MU,segment,CMBU,2026Q2,1.377e+04,3.066,1.437,2,2.071,2.031,0.3321,2.032,True
CBRS,geography,US,2026Q2,83.98,1.78,1.844,1,1.844,,0.4663,1.844,True
MPWR,geography,TW,2026Q2,260.5,1.482,0.9205,4,1.658,0.67,0.2656,1.841,False
KLAC,geography,North America,2026Q2,655,1.329,0.9337,3,1.734,1.199,0.1791,1.617,False
NVDA,geography,TW,2026Q3,2.698e+04,2.164,1.487,1,1.487,0.9624,0.2804,1.487,False
AMAT,geography,US,2026Q3,1367,1.001,0.8369,3,1.433,1.087,0.15,1.449,False
ALAB,geography,TW,2026Q2,105.8,0.8672,0.6546,3,1.377,1.807,0.2695,1.134,False
AVGO,geography,Asia Pacific,2026Q3,2.094e+04,1.337,0.5431,5,1.138,0.9385,0.7078,1.086,False
CBRS,product,Cloud and other services,2026Q2,126,2.815,1.039,1,1.039,,0.6995,1.039,True
AMD,segment,Data Center,2026Q2,6718,1.073,0.5016,4,0.9302,0.5476,0.5824,1.003,False
AVGO,segment,Semiconductor Solutions,2026Q3,2.084e+04,1.274,0.4884,6,1.162,0.8821,0.7042,0.9769,False
AVGO,product,Products,2026Q3,2.428e+04,1.623,0.6369,2,0.8935,0.2837,0.8205,0.9007,False
CDNS,geography,CN,2026Q2,236.2,0.9567,0.5981,2,0.9364,-0.03595,0.1491,0.8458,False
SNPS,geography,KR,2026Q3,325.6,0.6109,0.5806,2,0.626,0.3744,0.1315,0.8211,False
ALAB,geography,CN,2026Q2,152.7,1.586,0.579,2,1.066,0.9729,0.3891,0.8188,False
KLAC,segment,PCB And Component Inspection,2026Q2,241.1,0.5646,0.57,2,0.6199,0.2724,0.06592,0.8061,False
AVGO,company,TOTAL COMPANY,2026Q3,2.959e+04,0.855,0.3763,5,0.6534,0.6426,1,0.7525,False
MRVL,geography,CN,2026Q3,1162,0.9909,0.4986,2,0.8461,0.3849,0.424,0.7051,False
LRCX,geography,TW,2026Q2,1809,0.8726,0.7026,1,0.7026,0.7614,0.2692,0.7026,False
NVDA,product,"AI Clouds, Industrial, & Enterprise",2026Q3,4.031e+04,1.381,0.644,1,0.644,,0.419,0.644,True
KLAC,product,Patterning,2026Q2,728.1,0.6078,0.6414,1,0.6414,0.0909,0.1991,0.6414,False
TER,geography,Asia Pacific,2026Q2,1159,1.287,0.265,4,1.409,0.8912,0.872,0.53,False
CDNS,product,Service,2026Q2,153.8,0.4656,0.5128,1,0.5128,0.1727,0.09706,0.5128,False
AMAT,balance,Contract liabilities (current),2026Q3,3271,0.3243,0.2926,3,0.4236,0.2747,0.1061,0.5068,False
AMAT,balance,Contract liabilities (total),2026Q3,3271,0.3243,0.2926,3,0.4236,0.2747,0.1061,0.5068,False
NVDA,segment,Compute & Networking,2026Q3,8.83e+04,1.136,0.2533,4,0.5735,0.7345,0.9177,0.5066,False
MCHP,balance,Contract liabilities (current),2026Q2,174.2,0.08807,0.2483,4,0.4784,0.08875,0.03401,0.4967,False
TER,product,Product,2026Q2,1191,1.279,0.2455,4,1.404,0.8847,0.8964,0.4909,False
NVDA,product,Data Center,2026Q3,8.902e+04,1.166,0.2424,4,0.602,0.7382,0.9252,0.4847,False
MTSI,geography,China,2026Q2,133.8,0.8853,0.3319,2,0.5266,,0.3909,0.4694,False
TER,segment,Semiconductor Test,2026Q2,1122,1.281,0.2332,4,1.374,0.8516,0.8441,0.4663,False
CDNS,geography,Asia,2026Q2,662.7,0.8463,0.3281,2,0.7268,0.3587,0.4183,0.464,False
AMAT,geography,KR,2026Q3,1521,0.3112,0.3048,2,0.4366,0.2477,0.1669,0.4311,False
KLAC,geography,TW,2026Q2,1136,0.3002,0.421,1,0.421,0.4315,0.3106,0.421,False
NVDA,company,TOTAL COMPANY,2026Q3,9.622e+04,1.059,0.2062,4,0.5025,0.6879,1,0.4125,False
SNPS,geography,Other,2026Q3,472.9,0.6001,0.3896,1,0.3896,0.191,0.1909,0.3896,False
LRCX,geography,US,2026Q2,614.3,1.15,0.2754,2,1.534,1.016,0.09138,0.3895,False
MPWR,company,TOTAL COMPANY,2026Q2,980.6,0.4756,0.2142,3,0.2868,0.3303,1,0.3711,False
KLAC,geography,Europe and Israel,2026Q1,247.3,0.4544,0.254,2,0.4119,,0.07242,0.3592,False
TER,company,TOTAL COMPANY,2026Q2,1329,1.039,0.1686,4,1.146,0.7277,1,0.3371,False
TER,geography,Americas,2026Q2,109.6,0.2276,0.1915,3,0.2777,0.102,0.08245,0.3316,False
QCOM,product in segment,Automotive+QCT,2026Q2,1588,0.6138,0.2311,2,0.4681,0.5081,0.1596,0.3269,False
LRCX,product,Customer support-related revenue and other,2026Q2,2472,0.426,0.1732,3,0.4253,0.3916,0.3678,0.3,False
SNPS,segment,Design IP,2026Q3,473.9,0.1082,0.166,3,0.322,0.1639,0.1913,0.2874,False
AVGO,segment,Infrastructure Software,2026Q3,8752,0.2897,0.2015,2,0.276,0.2606,0.2958,0.2849,False
AMAT,segment,Semiconductor Systems,2026Q3,7040,0.2972,0.1621,3,0.3778,0.479,0.7724,0.2808,False
CRDO,geography,HK,2026Q3,91.17,0.2175,0.2773,1,0.2773,-0.2266,0.1903,0.2773,False
ENTG,product,Equipment and Engineering,2026Q2,167.4,0.4008,0.1945,2,0.4753,0.4531,0.1895,0.275,False
AVGO,geography,"Europe, the Middle East and Africa",2026Q3,3134,0.3818,0.2672,1,0.2672,0.3428,0.1059,0.2672,False
MRVL,product,Data center,2026Q3,2172,0.4569,0.1847,2,0.2479,0.4306,0.7927,0.2612,False
INTC,company,TOTAL COMPANY,2026Q2,1.613e+04,0.2542,0.1824,2,0.2953,0.1813,1,0.2579,False
INTC,segment,Intel Foundry,2026Q2,5765,0.3052,0.1436,3,0.3321,0.3613,0.3575,0.2488,False
AMAT,company,TOTAL COMPANY,2026Q3,9115,0.2483,0.1342,3,0.2831,0.3404,1,0.2324,False
MCHP,product,Other,2026Q2,334.7,0.4764,0.2205,1,0.2205,0.4279,0.2254,0.2205,False
SNPS,product,Upfront products,2026Q3,665.2,0.2882,0.2185,1,0.2185,0.08096,0.2686,0.2185,False
CDNS,geography,Other Asia,2026Q2,321.8,0.3506,0.1252,3,0.2012,0.3256,0.2031,0.2169,False
AMD,segment,Embedded,2026Q2,977,0.1857,0.1249,3,0.2612,0.14,0.08469,0.2164,False
KLAC,balance,Contract liabilities (total),2026Q2,1775,0.03586,0.198,1,0.198,0.03767,0.1307,0.198,False
TXN,segment,Other,2026Q2,310,-0.02208,0.1383,2,0.3143,0.01974,0.05675,0.1956,False
ENTG,product,Semi Distributor and Other,2026Q2,59.1,-0.1018,0.1825,1,0.1825,-0.212,0.06692,0.1825,True
TER,segment,Product Test,2026Q2,107.2,0.261,0.1768,1,0.1768,0.2152,0.0807,0.1768,False
AMD,company,TOTAL COMPANY,2026Q2,1.154e+04,0.5011,0.1226,2,0.16,0.2477,1,0.1734,False
ENTG,geography,Europe,2026Q2,60.3,0.0487,0.1713,1,0.1713,0.0487,0.06827,0.1713,False
ALAB,company,TOTAL COMPANY,2026Q2,392.4,1.045,0.1105,2,0.1268,0.7018,1,0.1563,False
ALAB,segment,Reportable,2026Q2,392.4,1.045,0.1105,2,0.1268,0.7018,1,0.1563,False
AMAT,geography,JP,2026Q3,839,0.1767,0.08756,3,0.4056,0.8728,0.09205,0.1517,False
ENTG,geography,North America,2026Q2,151.6,0.05351,0.1508,1,0.1508,,0.1716,0.1508,True
SWKS,geography,CN,2026Q2,66.6,0.03096,0.0743,5,0.1909,0.1008,0.07125,0.1486,False
ENTG,geography,TW,2026Q2,225.4,0.2865,0.1033,2,0.2206,0.2105,0.2552,0.146,False
ENTG,segment,APS,2026Q2,514.6,0.1698,0.1014,2,0.2242,0.1168,0.5827,0.1433,False
CDNS,balance,Contract liabilities (current),2026Q1,873.6,0.1958,0.1401,1,0.1401,0.1968,0.158,0.1401,False
SNPS,geography,Europe,2026Q3,370.9,1.077,0.1365,1,0.1365,0.0263,0.1498,0.1365,False
ON,geography,HK,2026Q2,444.2,0.07476,0.07801,3,0.1647,0.04542,0.277,0.1351,False
MTSI,company,TOTAL COMPANY,2026Q2,342.2,0.3577,0.1327,1,0.1327,0.3104,1,0.1327,False
MTSI,segment,Reportable,2026Q2,342.2,0.3577,0.1327,1,0.1327,0.3104,1,0.1327,True
MPWR,geography,CN,2026Q2,502,0.2614,0.131,1,0.131,0.2746,0.5119,0.131,False
MU,segment,MCBU,2026Q2,1.152e+04,2.539,0.09091,2,1.908,2.064,0.2779,0.1286,True
MRVL,company,TOTAL COMPANY,2026Q3,2739,0.3655,0.0898,2,0.1447,0.3205,1,0.127,False
MRVL,segment,Reportable,2026Q3,2739,0.3655,0.0898,2,0.1447,0.3205,1,0.127,False
RMBS,company,TOTAL COMPANY,2026Q2,207.4,0.2043,0.1231,1,0.1231,0.1617,1,0.1231,False
RMBS,segment,Reportable,2026Q2,207.4,0.2043,0.1231,1,0.1231,0.1617,1,0.1231,False
CDNS,balance,Contract liabilities (total),2026Q1,1020,0.2127,0.1167,1,0.1167,0.1535,0.1845,0.1167,False
MPWR,geography,KR,2026Q2,87.89,0.384,0.113,1,0.113,0.3976,0.08962,0.113,False
ENTG,product,Chemical and Materials,2026Q2,90.5,0.1769,0.07826,2,0.2267,0.1132,0.1025,0.1107,False
CDNS,balance,RPO (remaining performance obligation),2026Q1,8000,0.25,0.1029,1,0.1029,0.25,1.447,0.1029,False
NXPI,company,TOTAL COMPANY,2026Q1,3181,0.122,0.05004,4,0.2151,0.08715,1,0.1001,False
ON,segment,ISG,2026Q2,228.8,0.06617,0.0572,3,0.2412,-0.005217,0.1427,0.09908,False
MTSI,geography,"Asia Pacific, excluding China",2026Q2,40.23,0.3623,0.09518,1,0.09518,0.1488,0.1176,0.09518,False
MTSI,geography,US,2026Q2,121.2,0.1505,0.09467,1,0.09467,0.07868,0.354,0.09467,False
CDNS,geography,US,2026Q2,656.1,0.1097,0.0538,3,0.193,0.233,0.4141,0.09318,False
ENTG,company,TOTAL COMPANY,2026Q2,883.2,0.1146,0.06454,2,0.1451,0.09429,1,0.09127,False
ON,segment,PSG,2026Q2,829,0.1873,0.0455,5,0.4494,0.1239,0.517,0.091,False
ON,company,TOTAL COMPANY,2026Q2,1604,0.09178,0.04502,5,0.3157,0.03392,1,0.09004,False
ENTG,geography,CN,2026Q2,168.8,0.02303,0.0628,2,0.1282,-0.05115,0.1911,0.08881,False
LRCX,company,TOTAL COMPANY,2026Q2,6722,0.2999,0.06233,2,0.07851,0.2626,1,0.08815,False
LRCX,segment,Reportable,2026Q2,6722,0.2999,0.06233,2,0.07851,0.2626,1,0.08815,False
AVGO,geography,Americas,2026Q3,5513,0.167,0.06162,2,0.07009,0.1304,0.1863,0.08715,False
CDNS,company,TOTAL COMPANY,2026Q2,1584,0.2423,0.05565,2,0.1802,0.1835,1,0.07871,False
CDNS,segment,Reportable,2026Q2,1584,0.2423,0.05565,2,0.1802,0.1835,1,0.07871,False
AMAT,segment,Applied Global Services,2026Q3,1781,0.1131,0.04991,2,0.1351,0.096,0.1954,0.07058,False
SNPS,product,Products,2026Q3,1668,0.184,0.06985,1,0.06985,0.07193,0.6734,0.06985,False
ON,geography,US,2026Q2,300.6,0.08168,0.06836,1,0.06836,-0.1172,0.1875,0.06836,False
KLAC,product,Product,2026Q2,2837,0.1476,0.04467,2,0.1055,0.151,0.7757,0.06317,False
TXN,segment,Embedded Processing,2026Q2,788,0.1605,0.04306,2,0.0806,0.1114,0.1442,0.0609,False
TXN,company,TOTAL COMPANY,2026Q2,5463,0.2282,0.0424,2,0.1244,0.152,1,0.05996,False
TXN,segment,Analog,2026Q2,4365,0.2645,0.04205,2,0.1255,0.1706,0.799,0.05947,False
MCHP,company,TOTAL COMPANY,2026Q2,1485,0.3805,0.02942,7,0.8642,0.3019,1,0.05884,False
MRVL,geography,US,2026Q3,190.8,-0.3861,0.05525,1,0.05525,-0.3517,0.06965,0.05525,False
ON,segment,AMG,2026Q2,545.7,-0.01835,0.02756,5,0.169,-0.06446,0.3403,0.05511,False
KLAC,company,TOTAL COMPANY,2026Q2,3658,0.1521,0.03715,2,0.08048,0.1395,1,0.05253,False
ADI,company,TOTAL COMPANY,2026Q3,4022,0.3963,0.02383,9,0.7346,0.3075,1,0.04767,False
ENTG,geography,Southeast Asia,2026Q2,70.4,0.1656,0.04569,1,0.04569,0.1429,0.07971,0.04569,False
MCHP,product,Mixed-signal Microcontrollers,2026Q2,739.1,0.3877,0.02184,7,0.9232,0.2645,0.4978,0.04367,False
AMAT,geography,Asia Pacific,2026Q3,7265,0.1248,0.02843,2,0.08829,,0.797,0.04021,False
ENTG,product,Fabs,2026Q2,523.3,0.06992,0.02744,2,0.07933,0.05824,0.5925,0.0388,False
ON,balance,RPO (remaining performance obligation),2026Q2,6100,-0.3646,0.02221,3,0.04418,-0.2469,0.9842,0.03847,False
MCHP,segment,Semiconductor products,2026Q2,1442,0.3833,0.01795,7,0.8783,0.3015,0.9713,0.03589,False
ADI,segment,Reportable,2026Q3,4022,0.3963,0.02383,2,0.09214,,1,0.03371,True
ARM,balance,RPO (remaining performance obligation),2026Q2,2123,-0.04918,0.02006,2,0.02666,-0.0549,0.4117,0.02837,False
ON,geography,GB,2026Q2,353.9,0.08094,0.01373,4,0.2897,0.1235,0.2207,0.02746,False
ON,geography,Other,2026Q2,118.4,-0.03896,0.01891,2,0.1536,-0.2128,0.07384,0.02674,False
KLAC,geography,JP,2026Q2,210.5,-0.442,0.02542,1,0.02542,-0.287,0.05755,0.02542,False
ENTG,segment,MS,2026Q2,371.3,0.04621,0.0178,2,0.04426,0.06512,0.4204,0.02517,False
TER,segment,Robotics,2026Q2,99.92,0.3346,0.01178,6,0.5705,0.3307,0.07518,0.02356,False
ARM,company,TOTAL COMPANY,2026Q2,1289,0.2241,0.02348,1,0.02348,0.1357,1,0.02348,False
AMAT,geography,TW,2026Q3,2025,0.09875,0.01963,1,0.01963,0.1041,0.2222,0.01963,False
SWKS,geography,US,2026Q2,704.9,-0.02732,0.008182,2,0.0211,-0.1819,0.7541,0.01157,False
CDNS,product,Product and maintenance,2026Q2,1431,0.2223,0.007945,2,0.147,0.1846,0.9029,0.01124,False
ON,geography,SG,2026Q2,386.4,0.182,0.005241,3,0.4699,0.2071,0.241,0.009079,False
KLAC,segment,Semiconductor Process Control,2026Q2,3257,0.1318,0.00575,2,0.04143,0.1233,0.8904,0.008131,False
SNPS,company,TOTAL COMPANY,2026Q3,2477,0.4237,0.004968,1,0.004968,0.09844,1,0.004968,False
QCOM,product in segment,IoT+QCT,2026Q2,1830,0.08864,-0.003076,0,,,0.184,-0.003076,False
QCOM,company,TOTAL COMPANY,2026Q2,9947,-0.04033,-0.005716,0,,-0.1175,1,-0.005716,False
LRCX,geography,KR,2026Q2,1316,0.1698,-0.005788,0,,0.6952,0.1958,-0.005788,False
NVDA,product,Edge Computing,2026Q3,7198,0.2747,-0.01201,0,,,0.07481,-0.01201,True
QCOM,segment,QCT,2026Q2,8504,-0.05438,-0.01287,0,,-0.1341,0.8549,-0.01287,False
ENTG,geography,KR,2026Q2,114.9,0.0629,-0.01553,0,,0.04645,0.1301,-0.01553,False
SNPS,product,Time-based products,2026Q3,1003,0.1237,-0.01786,0,,0.06603,0.4049,-0.01786,False
CDNS,geography,EMEA,2026Q2,243.3,0.2154,-0.01788,0,,0.2836,0.1536,-0.01788,False
CDNS,geography,Americas,2026Q2,678.4,0.07631,-0.01974,0,,0.1796,0.4282,-0.01974,False
KLAC,product,Services,2026Q1,774.8,0.1578,-0.02003,0,,,0.2269,-0.02003,False
SWKS,company,TOTAL COMPANY,2026Q2,934.8,-0.0313,-0.02133,0,,-0.1503,1,-0.02133,False
AVGO,product,Subscriptions and services,2026Q3,5312,-0.2066,-0.02144,0,,-6.915,0.1795,-0.02144,False
AMD,product in segment,Client+Client and Gaming,2026Q2,3062,0.2253,-0.03234,0,,0.1135,0.2654,-0.03234,False
KLAC,geography,CN,2026Q2,956.7,-0.002217,-0.0485,0,,-0.245,0.2616,-0.0485,False
LRCX,product,Systems revenue,2026Q1,3731,0.2291,-0.04965,0,,,0.6386,-0.04965,False
AVGO,balance,Contract liabilities (current),2026Q3,9501,-0.07802,-0.0523,0,,0.003379,0.1066,-0.0523,False
TER,product,Service,2026Q2,137.7,0.066,-0.06172,0,,0.004063,0.1036,-0.06172,False
QCOM,product in segment,Handsets+QCT,2026Q2,5086,-0.1963,-0.06566,0,,-0.2695,0.5113,-0.06566,False
AVGO,balance,Contract liabilities (total),2026Q3,1.312e+04,-0.08454,-0.06967,0,,0.008297,0.1473,-0.06967,False
MPWR,geography,South East Asia,2026Q1,40.75,0.2459,-0.07693,0,,0.1687,0.05067,-0.07693,False
QCOM,segment,QTL,2026Q2,1278,-0.03035,-0.07811,0,,-0.09362,0.1285,-0.07811,False
SNPS,segment,Design Automation,2026Q3,2003,0.5265,-0.09688,0,,0.08402,0.8087,-0.09688,False
MTSI,geography,Other Countries,2026Q2,47.06,0.01692,-0.1067,0,,0.2805,0.1375,-0.1067,False
MCHP,product,Analog,2026Q2,410.9,0.2995,-0.1088,0,,0.2781,0.2768,-0.1088,False
NVDA,segment,Graphics,2026Q3,7922,0.4638,-0.1157,0,,0.2991,0.08233,-0.1157,False
NVDA,product,Hyperscale,2026Q3,4.871e+04,1.015,-0.1363,0,,,0.5062,-0.1363,True
CDNS,geography,JP,2026Q2,104.7,0.2182,-0.1412,0,,0.2118,0.0661,-0.1412,False
AVGO,balance,RPO (remaining performance obligation),2026Q3,1.792e+05,5.516,-0.1476,0,,4.381,2.011,-0.1476,False
LRCX,geography,JP,2026Q2,622.8,-0.1599,-0.151,0,,0.1766,0.09264,-0.151,False
RMBS,balance,RPO (remaining performance obligation),2026Q1,30.9,0.1931,-0.1571,0,,-0.01278,0.04285,-0.1571,False
KLAC,product,Wafer Inspection,2026Q2,1781,0.005384,-0.1577,0,,0.1586,0.487,-0.1577,False
ENTG,geography,JP,2026Q2,91.8,0.1154,-0.1609,0,,0.1694,0.1039,-0.1609,False
AMD,segment,Client and Gaming,2026Q2,3841,0.06076,-0.165,0,,-0.05114,0.333,-0.165,False
MRVL,product,Communications and other,2026Q3,567.8,0.1012,-0.1855,0,,,0.2073,-0.1855,True
AMAT,geography,CN,2026Q3,2506,-0.01648,-0.1929,0,,0.276,0.2749,-0.1929,False
LRCX,balance,RPO (remaining performance obligation),2026Q2,2434,-0.09215,-0.1967,0,,-0.121,0.1048,-0.1967,False
CBRS,company,TOTAL COMPANY,2026Q2,180.1,0.7432,-0.2004,0,,,1,-0.2004,True
SWKS,geography,TW,2026Q2,72.5,-0.04354,-0.2081,0,,0.1417,0.07756,-0.2081,False
ARM,balance,Contract liabilities (total),2026Q2,939,-0.06287,-0.2111,0,,-0.08835,0.1821,-0.2111,False
SNPS,geography,US,2026Q3,1052,0.2888,-0.2119,0,,0.02738,0.4247,-0.2119,False
LRCX,balance,Contract liabilities (current),2026Q2,2279,-0.1116,-0.2226,0,,-0.1388,0.0981,-0.2226,False
RMBS,balance,Contract liabilities (total),2026Q1,25.71,0.168,-0.2781,0,,0.2485,0.03565,-0.2781,False
SNPS,balance,RPO (remaining performance obligation),2026Q3,1.09e+04,0.07921,-0.2788,0,,-0.04386,1.158,-0.2788,False
RMBS,balance,Contract liabilities (current),2026Q1,23.72,0.1664,-0.34,0,,0.2586,0.03289,-0.34,False
AMD,product in segment,Gaming+Client and Gaming,2026Q2,779,-0.3057,-0.4185,0,,-0.3998,0.06753,-0.4185,False
CRDO,segment,Reportable,2026Q3,479,1.147,-0.4229,0,,0.7871,1,-0.4229,False
CRDO,company,TOTAL COMPANY,2026Q3,479,1.147,-0.4229,0,,0.7871,1,-0.4229,False
LRCX,geography,CN,2026Q2,1722,-0.06251,-0.4235,0,,-0.2457,0.2561,-0.4235,False
SNPS,geography,CN,2026Q3,255.5,0.03307,-0.4932,0,,0.0844,0.1031,-0.4932,False
SNPS,balance,Contract liabilities (total),2026Q3,2715,0.1433,-0.5029,0,,0.03294,0.2883,-0.5029,False
SNPS,product,Maintenance and service,2026Q3,808.8,1.444,-0.5122,0,,0.1575,0.3266,-0.5122,False
NVDA,geography,US,2026Q3,6.007e+04,1.56,-0.5152,0,,0.5334,0.6243,-0.5152,False
SNPS,balance,Contract liabilities (current),2026Q3,2331,0.1706,-0.5888,0,,0.03794,0.2476,-0.5888,False
ARM,balance,Contract liabilities (current),2026Q2,200,-0.2278,-0.6345,0,,-0.3243,0.03879,-0.6345,False
MRVL,geography,TW,2026Q3,456.8,-0.1559,-0.7438,0,,0.4324,0.1668,-0.7438,False
CBRS,product,Hardware,2026Q2,54.12,-0.2301,-0.8174,0,,,0.3005,-0.8174,True
KLAC,geography,KR,2026Q2,374.1,-0.2177,-1.017,0,,0.2496,0.1023,-1.017,False
MRVL,geography,Other,2026Q3,592.9,2.736,-1.068,0,,-0.0477,0.2164,-1.068,False
ALAB,geography,SG,2026Q2,113.7,0.7116,-1.189,0,,0.1899,0.2898,-1.189,False
CBRS,geography,"Europe, Middle East, and Africa",2026Q2,95.75,0.311,-3.702,0,,,0.5316,-2,True
CRDO,geography,US,2026Q3,255.4,2.084,-9.574,0,,1.463,0.5333,-2,False
